﻿Designator,Footprint,Quantity,Value,LCSC Part #
"C1, C117, C2",0603,3,100n,
"C101, C102",0603,2,10n,
C105,0402,1,0.33u,
C106,0402,1,0.01u,
"D1, D2",0805,2,LED,
"D101, D102",D_SMA,2,D_Schottky,
"K101, K102",Relay_SPDT_Omron_G2RL-1,2,Relay_SPDT_Omron_G2RL-1,
"Q1, Q2",TO-252-2,2,NMOS,
"Q101, Q102, Q107, Q108",SOT-523_Custom(C96676),4,Q_PMOS_GSD,
"Q103, Q104, Q105, Q106",SOT-23,4,Q_NPN_BEC,
"R1, R105, R106, R2, R5, R6",0805,6,10k,
"R101, R108, R109, R111, R113",0805,5,1K,
R102,0805,1,2.2K,
"R103, R104, R110, R112",0805,4,100k,
"R3, R4",0805,2,270,
"SW101, SW102",SW_SPST_Omron_B3FS-100xP,2,SW_Omron_B3FS,
"U1, U2",DIP-4_W7.62mm,2,SFH617A-1,
U107,TO-220-3_Vertical,1,LM7805_TO220,
"U3, U4",SOT-23-5,2,74AHC1G00,
U5,SOIC-16_3.9x9.9mm_P1.27mm,1,74LS279,
